﻿<?xml version="1.0" encoding="utf-8"?>
<LWM2M xmlns:xsi="http://www.w3.org/2001/XMLSchema-instance" xsi:noNamespaceSchemaLocation="http://openmobilealliance.org/tech/profiles/LWM2M.xsd">
  <Object ObjectType="MODefinition">
    <Name>App Data Container</Name>
    <Description1><![CDATA[This LWM2M Object is used for reporting application data of a device.]]></Description1>
    <ObjectID>10250</ObjectID>
    <ObjectURN>urn:oma:lwm2m:x:10250</ObjectURN>
    <LWM2MVersion>1.0</LWM2MVersion>
    <ObjectVersion>1.0</ObjectVersion>
    <MultipleInstances>Single</MultipleInstances>
    <Mandatory>Optional</Mandatory>
    <Resources>
      <Item ID="0">
        <Name>UL data</Name>
        <Operations>R</Operations>
        <MultipleInstances>Single</MultipleInstances>
        <Mandatory>Mandatory</Mandatory>
        <Type>Opaque</Type>
        <RangeEnumeration>
        </RangeEnumeration>
        <Units>
        </Units>
        <Description><![CDATA[Uplink application data, e.g. gas meter reporting data.]]></Description>
      </Item>
      <Item ID="1">
        <Name>DL data</Name>
        <Operations>W</Operations>
        <MultipleInstances>Single</MultipleInstances>
        <Mandatory>Mandatory</Mandatory>
        <Type>Opaque</Type>
        <RangeEnumeration>
        </RangeEnumeration>
        <Units>
        </Units>
        <Description><![CDATA[Downlink application data, e.g. application response message of uplink data.]]></Description>
      </Item>
    </Resources>
    <Description2 />
  </Object>
</LWM2M>