<?xml version="1.0" encoding="utf-8"?><LWM2M xmlns:xsi="http://www.w3.org/2001/XMLSchema-instance" xsi:noNamespaceSchemaLocation="http://openmobilealliance.org/tech/profiles/LWM2M.xsd">
	<Object ObjectType="MODefinition">
		<Name>CmdhBackOffParametersSet</Name>
		<Description1><![CDATA[This Object defines set of parameters which can be referenced by a specific Instance of the CmdhNwAccessRule Object (ID: 2055)]]></Description1>
		<ObjectID>2057</ObjectID>
		<ObjectURN>urn:oma:lwm2m:ext:2057</ObjectURN>
		<LWM2MVersion>1.0</LWM2MVersion>
		<ObjectVersion>1.0</ObjectVersion>
		<MultipleInstances>Multiple</MultipleInstances>
		<Mandatory>Optional</Mandatory>
		<Resources>
			<Item ID="0"><Name>NetworkAction</Name>
				<Operations>RW</Operations>
				<MultipleInstances>Single</MultipleInstances>
				<Mandatory>Optional</Mandatory>
				<Type>Integer</Type>
				<RangeEnumeration>1..5</RangeEnumeration>
				<Units></Units>
				<Description><![CDATA[Contains specific action actually  attempted on the network (e.g. cellular-registration)]]></Description>
			</Item>
			<Item ID="1"><Name>InitialBackoffTime</Name>
				<Operations>RW</Operations>
				<MultipleInstances>Single</MultipleInstances>
				<Mandatory>Mandatory</Mandatory>
				<Type>Integer</Type>
				<RangeEnumeration></RangeEnumeration>
				<Units>ms</Units>
				<Description><![CDATA[Regarding the BackOffParameters of a certain CmdhNwAccessRule  Object Instance, this Resource contains the value for the Initial wait time. ]]></Description>
			</Item>
			<Item ID="2"><Name>AdditionalBackoffTime</Name>
				<Operations>RW</Operations>
				<MultipleInstances>Single</MultipleInstances>
				<Mandatory>Mandatory</Mandatory>
				<Type>Integer</Type>
				<RangeEnumeration></RangeEnumeration>
				<Units>ms</Units>
				<Description><![CDATA[Regarding the BackOffParameters of a certain CmdhNwAccessRule  Object Instance, this Resource contains the value for an additional wait tme.]]></Description>
			</Item>
			<Item ID="3"><Name>MaximumBackoffTime</Name>
				<Operations>RW</Operations>
				<MultipleInstances>Single</MultipleInstances>
				<Mandatory>Mandatory</Mandatory>
				<Type>Integer</Type>
				<RangeEnumeration></RangeEnumeration>
				<Units>ms</Units>
				<Description><![CDATA[Regarding the BackOffParameters of a certain CmdhNwAccessRule  Object Instance, this Resource contains the value for the maximum wait time]]></Description>
			</Item>
			<Item ID="4"><Name>OptionalRandomBackoffTime</Name>
				<Operations>RW</Operations>
				<MultipleInstances>Multiple</MultipleInstances>
				<Mandatory>Optional</Mandatory>
				<Type>Integer</Type>
				<RangeEnumeration></RangeEnumeration>
				<Units>ms</Units>
				<Description><![CDATA[Regarding the BackOffParameters of a certain CmdhNwAccessRule  Object Instance, this Resource contains the value for an optional random wait time.]]></Description>
			</Item></Resources>
		<Description2 />
	</Object>
</LWM2M>