<?xml version="1.0" encoding="utf-8"?>
<LWM2M  xmlns:xsi="http://www.w3.org/2001/XMLSchema-instance" xsi:noNamespaceSchemaLocation="http://openmobilealliance.org/tech/profiles/LWM2M.xsd">
	<Object ObjectType="MODefinition">
		<Name>Analog Input</Name>
		<Description1>Generic analog input for non-specific sensors</Description1>
		<ObjectID>3202</ObjectID>
		<ObjectURN>urn:oma:lwm2m:ext:3202</ObjectURN>
		<MultipleInstances>Multiple</MultipleInstances>
		<Mandatory>Optional</Mandatory>
		<Resources>
			<Item ID="5600">
				<Name>Analog Input Current Value</Name>
				<Operations>R</Operations>
				<MultipleInstances>Single</MultipleInstances>
				<Mandatory>Mandatory</Mandatory>
				<Type>Float</Type>
				<RangeEnumeration>0-1</RangeEnumeration>
				<Units></Units>
				<Description>The current value of the analog input.</Description>
			</Item>
			<Item ID="5601">
				<Name>Min Measured Value</Name>
				<Operations>R</Operations>
				<MultipleInstances>Single</MultipleInstances>
				<Mandatory>Optional</Mandatory>
				<Type>Float</Type>
				<RangeEnumeration></RangeEnumeration>
				<Units></Units>
				<Description>The minimum value measured by the sensor since power ON or reset</Description>
			</Item>
			<Item ID="5602">
				<Name>Max Measured Value</Name>
				<Operations>R</Operations>
				<MultipleInstances>Single</MultipleInstances>
				<Mandatory>Optional</Mandatory>
				<Type>Float</Type>
				<RangeEnumeration></RangeEnumeration>
				<Units></Units>
				<Description>The maximum value measured by the sensor since power ON or reset</Description>
			</Item>
			<Item ID="5603">
				<Name>Min Range Value</Name>
				<Operations>R</Operations>
				<MultipleInstances>Single</MultipleInstances>
				<Mandatory>Optional</Mandatory>
				<Type>Float</Type>
				<RangeEnumeration></RangeEnumeration>
				<Units></Units>
				<Description>The minimum value that can be measured by the sensor</Description>
			</Item>
			<Item ID="5604">
				<Name>Max Range Value</Name>
				<Operations>R</Operations>
				<MultipleInstances>Single</MultipleInstances>
				<Mandatory>Optional</Mandatory>
				<Type>Float</Type>
				<RangeEnumeration></RangeEnumeration>
				<Units></Units>
				<Description>The maximum value that can be measured by the sensor</Description>
			</Item>
			<Item ID="5750">
				<Name>Application Type</Name>
				<Operations>RW</Operations>
				<MultipleInstances>Single</MultipleInstances>
				<Mandatory>Optional</Mandatory>
				<Type>String</Type>
				<RangeEnumeration></RangeEnumeration>
				<Units></Units>
				<Description>The application type of the sensor or actuator as a string, for instance, “Air Pressure”</Description>
			</Item>
			<Item ID="5751">
				<Name>Sensor Type</Name>
				<Operations>R</Operations>
				<MultipleInstances>Single</MultipleInstances>
				<Mandatory>Optional</Mandatory>
				<Type>String</Type>
				<RangeEnumeration></RangeEnumeration>
				<Units></Units>
				<Description>The type of the sensor, for instance PIR type</Description>
			</Item>
			<Item ID="5605">
				<Name>Reset Min and Max Measured Values</Name>
				<Operations>E</Operations>
				<MultipleInstances>Single</MultipleInstances>
				<Mandatory>Optional</Mandatory>
				<Type></Type>
				<RangeEnumeration></RangeEnumeration>
				<Units></Units>
				<Description>Reset the Min and Max Measured Values to Current Value</Description>
			</Item>
		</Resources>
		<Description2></Description2>
	</Object>
</LWM2M>
