<?xml version="1.0" encoding="utf-8"?>
<LWM2M  xmlns:xsi="http://www.w3.org/2001/XMLSchema-instance" xsi:noNamespaceSchemaLocation="http://openmobilealliance.org/tech/profiles/LWM2M.xsd">
	<Object ObjectType="MODefinition">
		<Name>Actuation</Name>
		<Description1>This IPSO object is dedicated to remote actuation such as ON/OFF action or dimming. A multi-state output can also be described as a string. This is useful to send pilot wire orders for instance. It also provides a resource to reflect the time that the device has been switched on.</Description1>
		<ObjectID>3306</ObjectID>
		<ObjectURN>urn:oma:lwm2m:ext:3306</ObjectURN>
		<MultipleInstances>Multiple</MultipleInstances>
		<Mandatory>Optional</Mandatory>
		<Resources>
			<Item ID="5850">
				<Name>On/Off</Name>
				<Operations>RW</Operations>
				<MultipleInstances>Single</MultipleInstances>
				<Mandatory>Mandatory</Mandatory>
				<Type>Boolean</Type>
				<RangeEnumeration></RangeEnumeration>
				<Units></Units>
				<Description>On/Off</Description>
			</Item>
			<Item ID="5851">
				<Name>Dimmer</Name>
				<Operations>RW</Operations>
				<MultipleInstances>Single</MultipleInstances>
				<Mandatory>Optional</Mandatory>
				<Type>Integer</Type>
				<RangeEnumeration>0-100</RangeEnumeration>
				<Units>%</Units>
				<Description>This resource represents a light dimmer setting, which has an Integer value between 0 and 100 as a percentage.</Description>
			</Item>
			<Item ID="5852">
				<Name>On Time</Name>
				<Operations>RW</Operations>
				<MultipleInstances>Single</MultipleInstances>
				<Mandatory>Optional</Mandatory>
				<Type>Integer</Type>
				<RangeEnumeration></RangeEnumeration>
				<Units>sec</Units>
				<Description>The time in seconds that the device has been on. Writing a value of 0 resets the counter.</Description>
			</Item>
			<Item ID="5853">
				<Name>Muti-state Output</Name>
				<Operations>RW</Operations>
				<MultipleInstances>Single</MultipleInstances>
				<Mandatory>Optional</Mandatory>
				<Type>String</Type>
				<RangeEnumeration></RangeEnumeration>
				<Units></Units>
				<Description>A string describing a state for multiple level output such as Pilot Wire</Description>
			</Item>
			<Item ID="5750">
				<Name>Application Type</Name>
				<Operations>RW</Operations>
				<MultipleInstances>Single</MultipleInstances>
				<Mandatory>Optional</Mandatory>
				<Type>String</Type>
				<RangeEnumeration></RangeEnumeration>
				<Units></Units>
				<Description>The Application type of the device, for example “Motion Closure”.</Description>
			</Item>
		</Resources>
		<Description2></Description2>
	</Object>
</LWM2M>
