<?xml version="1.0" encoding="utf-8"?>
<LWM2M  xmlns:xsi="http://www.w3.org/2001/XMLSchema-instance" xsi:noNamespaceSchemaLocation="http://openmobilealliance.org/tech/profiles/LWM2M.xsd">
    <Object ObjectType="MODefinition">
        <Name>Direction</Name>
        <Description1>This IPSO object is used to report the direction indicated by a compass, wind vane, or other directional indicator. The units of measure is plane angle degrees (ucum:deg).
        </Description1>
        <ObjectID>3332</ObjectID>
        <ObjectURN>urn:oma:lwm2m:ext:3332</ObjectURN>
        <MultipleInstances>Multiple</MultipleInstances>
        <Mandatory>Optional</Mandatory>
        <Resources>
            <Item ID="5705">
                <Name>Compass Direction</Name>
                <Operations>R</Operations>
                <MultipleInstances>Single</MultipleInstances>
                <Mandatory>Mandatory</Mandatory>
                <Type>Float</Type>
                <RangeEnumeration>0-360</RangeEnumeration>
                <Units>deg</Units>
                <Description>This indicates the compass direction of some phenomenon (i.e. direction of travel, wind direction…).</Description>
            </Item>
            <Item ID="5601">
                <Name>Min Measured Value</Name>
                <Operations>R</Operations>
                <MultipleInstances>Single</MultipleInstances>
                <Mandatory>Optional</Mandatory>
                <Type>Float</Type>
                <RangeEnumeration></RangeEnumeration>
                <Units></Units>
                <Description>The minimum value measured by the sensor since power ON or reset.</Description>
            </Item>
            <Item ID="5602">
                <Name>Max Measured Value</Name>
                <Operations>R</Operations>
                <MultipleInstances>Single</MultipleInstances>
                <Mandatory>Optional</Mandatory>
                <Type>Float</Type>
                <RangeEnumeration></RangeEnumeration>
                <Units></Units>
                <Description>The maximum value measured by the sensor since power ON or reset.</Description>
            </Item>
            <Item ID="5605">
                <Name>Reset Min and Max Measured Values</Name>
                <Operations>E</Operations>
                <MultipleInstances>Single</MultipleInstances>
                <Mandatory>Optional</Mandatory>
                <Type></Type>
                <RangeEnumeration></RangeEnumeration>
                <Units></Units>
                <Description>Reset the Min and Max Measured Values to Current Value.</Description>
            </Item>
            <Item ID="5750">
                <Name>Application Type</Name>
                <Operations>RW</Operations>
                <MultipleInstances>Single</MultipleInstances>
                <Mandatory>Optional</Mandatory>
                <Type>String</Type>
                <RangeEnumeration></RangeEnumeration>
                <Units></Units>
                <Description>The application type of the sensor or actuator as a string depending on the use case.</Description>
            </Item>
        </Resources>
        <Description2></Description2>
    </Object>
</LWM2M>
