<?xml version="1.0" encoding="utf-8"?>
<LWM2M  xmlns:xsi="http://www.w3.org/2001/XMLSchema-instance" xsi:noNamespaceSchemaLocation="http://openmobilealliance.org/tech/profiles/LWM2M.xsd">
    <Object ObjectType="MODefinition">
        <Name>Positioner</Name>
        <Description1>This IPSO object should be used with a generic position actuator from 0 to 100%. This resource optionally allows setting the transition time for an operation that changes the position of the actuator, and for reading the remaining time of the currently active transition.
        </Description1>
        <ObjectID>3337</ObjectID>
        <ObjectURN>urn:oma:lwm2m:ext:3337</ObjectURN>
        <MultipleInstances>Multiple</MultipleInstances>
        <Mandatory>Optional</Mandatory>
        <Resources>
            <Item ID="5536">
                <Name>Current Position</Name>
                <Operations>RW</Operations>
                <MultipleInstances>Single</MultipleInstances>
                <Mandatory>Mandatory</Mandatory>
                <Type>Float</Type>
                <RangeEnumeration>0-100</RangeEnumeration>
                <Units>%</Units>
                <Description>Current position or desired position of a positioner actuator.</Description>
            </Item>
            <Item ID="5537">
                <Name>Transition Time</Name>
                <Operations>RW</Operations>
                <MultipleInstances>Single</MultipleInstances>
                <Mandatory>Optional</Mandatory>
                <Type>Float</Type>
                <RangeEnumeration></RangeEnumeration>
                <Units>s</Units>
                <Description>The time expected to move the actuator to the new position.</Description>
            </Item>
            <Item ID="5538">
                <Name>Remaining Time</Name>
                <Operations>R</Operations>
                <MultipleInstances>Single</MultipleInstances>
                <Mandatory>Optional</Mandatory>
                <Type>Float</Type>
                <RangeEnumeration></RangeEnumeration>
                <Units>s</Units>
                <Description>The time remaining in an operation.</Description>
            </Item>
            <Item ID="5601">
                <Name>Min Measured Value</Name>
                <Operations>R</Operations>
                <MultipleInstances>Single</MultipleInstances>
                <Mandatory>Optional</Mandatory>
                <Type>Float</Type>
                <RangeEnumeration>Same as Measured Value</RangeEnumeration>
                <Units>Same as Measured Value</Units>
                <Description>The minimum value set on the actuator since power ON or reset.</Description>
            </Item>
            <Item ID="5602">
                <Name>Max Measured Value</Name>
                <Operations>R</Operations>
                <MultipleInstances>Single</MultipleInstances>
                <Mandatory>Optional</Mandatory>
                <Type>Float</Type>
                <RangeEnumeration>Same as Measured Value</RangeEnumeration>
                <Units>Same as Measured Value</Units>
                <Description>The maximum value set on the actuator since power ON or reset.</Description>
            </Item>
            <Item ID="5605">
                <Name>Reset Min and Max Measured Value</Name>
                <Operations>E</Operations>
                <MultipleInstances>Single</MultipleInstances>
                <Mandatory>Optional</Mandatory>
                <Type></Type>
                <RangeEnumeration></RangeEnumeration>
                <Units></Units>
                <Description>Reset the Min and Max Measured Values to Current Value.</Description>
            </Item>
            <Item ID="5519">
                <Name>Min Limit</Name>
                <Operations>R</Operations>
                <MultipleInstances>Single</MultipleInstances>
                <Mandatory>Optional</Mandatory>
                <Type>Float</Type>
                <RangeEnumeration>Same as Measured Value</RangeEnumeration>
                <Units>Same as Measured Value</Units>
                <Description>The minimum value that can be measured by the sensor.</Description>
            </Item>
            <Item ID="5520">
                <Name>Max Limit</Name>
                <Operations>R</Operations>
                <MultipleInstances>Single</MultipleInstances>
                <Mandatory>Optional</Mandatory>
                <Type>Float</Type>
                <RangeEnumeration>Same as Measured Value</RangeEnumeration>
                <Units>Same as Measured Value</Units>
                <Description>The maximum value that can be measured by the sensor.</Description>
            </Item>
            <Item ID="5750">
                <Name>Application Type</Name>
                <Operations>RW</Operations>
                <MultipleInstances>Single</MultipleInstances>
                <Mandatory>Optional</Mandatory>
                <Type>String</Type>
                <RangeEnumeration></RangeEnumeration>
                <Units></Units>
                <Description>The application type of the sensor or actuator as a string depending on the use case.</Description>
            </Item>
        </Resources>
        <Description2></Description2>
    </Object>
</LWM2M>
