<?xml version="1.0" encoding="utf-8"?>
<LWM2M  xmlns:xsi="http://www.w3.org/2001/XMLSchema-instance" xsi:noNamespaceSchemaLocation="http://openmobilealliance.org/tech/profiles/LWM2M.xsd">
    <Object ObjectType="MODefinition">
        <Name>Addressable Text Display</Name>
        <Description1>This IPSO object is used to send text to a text-only or text mode graphics display. POSTing a string of text to the text resource causes it to be displayed at the selected X and Y locations on the display. If X or Y are set to a value greater than the size of the display, the position “wraps around” to the modulus of the setting and the display size. Likewise, if the text string overflows the display size, the text “wraps around” and displays on the next line down or, if the last line has been written, wraps around to the top of the display. Brightness and Contrast controls are provided to allow control of various display types including STN and DSTN type LCD character displays. POSTing an empty payload to the Clear Display resource causes the display to be erased.
        </Description1>
        <ObjectID>3341</ObjectID>
        <ObjectURN>urn:oma:lwm2m:ext:3341</ObjectURN>
        <MultipleInstances>Multiple</MultipleInstances>
        <Mandatory>Optional</Mandatory>
        <Resources>
            <Item ID="5527">
                <Name>Text</Name>
                <Operations>RW</Operations>
                <MultipleInstances>Single</MultipleInstances>
                <Mandatory>Mandatory</Mandatory>
                <Type>String</Type>
                <RangeEnumeration></RangeEnumeration>
                <Units></Units>
                <Description>A string of text.</Description>
            </Item>
            <Item ID="5528">
                <Name>X Coordinate</Name>
                <Operations>RW</Operations>
                <MultipleInstances>Single</MultipleInstances>
                <Mandatory>Optional</Mandatory>
                <Type>Integer</Type>
                <RangeEnumeration></RangeEnumeration>
                <Units></Units>
                <Description>X Coordinate.</Description>
            </Item>
            <Item ID="5529">
                <Name>Y Coordinate</Name>
                <Operations>RW</Operations>
                <MultipleInstances>Single</MultipleInstances>
                <Mandatory>Optional</Mandatory>
                <Type>Integer</Type>
                <RangeEnumeration></RangeEnumeration>
                <Units></Units>
                <Description>Y Coordinate.</Description>
            </Item>
            <Item ID="5545">
                <Name>Max X Coordinate</Name>
                <Operations>R</Operations>
                <MultipleInstances>Single</MultipleInstances>
                <Mandatory>Optional</Mandatory>
                <Type>Integer</Type>
                <RangeEnumeration></RangeEnumeration>
                <Units></Units>
                <Description>The highest X coordinate the display supports before wrapping to the next line.</Description>
            </Item>
            <Item ID="5546">
                <Name>Max Y Coordinate</Name>
                <Operations>R</Operations>
                <MultipleInstances>Single</MultipleInstances>
                <Mandatory>Optional</Mandatory>
                <Type>Integer</Type>
                <RangeEnumeration></RangeEnumeration>
                <Units></Units>
                <Description>The highest Y coordinate the display supports before wrapping to the next line.</Description>
            </Item>
            <Item ID="5530">
                <Name>Clear Display</Name>
                <Operations>E</Operations>
                <MultipleInstances>Single</MultipleInstances>
                <Mandatory>Optional</Mandatory>
                <Type></Type>
                <RangeEnumeration></RangeEnumeration>
                <Units></Units>
                <Description>Command to clear the display.</Description>
            </Item>
            <Item ID="5548">
                <Name>Level</Name>
                <Operations>RW</Operations>
                <MultipleInstances>Single</MultipleInstances>
                <Mandatory>Optional</Mandatory>
                <Type>Float</Type>
                <RangeEnumeration>0-100</RangeEnumeration>
                <Units>%</Units>
                <Description>Brightness control, integer value between 0 and 100 as a percentage.</Description>
            </Item>
            <Item ID="5531">
                <Name>Contrast</Name>
                <Operations>RW</Operations>
                <MultipleInstances>Single</MultipleInstances>
                <Mandatory>Optional</Mandatory>
                <Type>Float</Type>
                <RangeEnumeration>0-100</RangeEnumeration>
                <Units>%</Units>
                <Description>Proportional control, integer value between 0 and 100 as a percentage.</Description>
            </Item>
            <Item ID="5750">
                <Name>Application Type</Name>
                <Operations>RW</Operations>
                <MultipleInstances>Single</MultipleInstances>
                <Mandatory>Optional</Mandatory>
                <Type>String</Type>
                <RangeEnumeration></RangeEnumeration>
                <Units></Units>
                <Description>The application type of the sensor or actuator as a string depending on the use case.</Description>
            </Item>
        </Resources>
        <Description2></Description2>
    </Object>
</LWM2M>
