<?xml version="1.0" encoding="utf-8"?>
<LWM2M  xmlns:xsi="http://www.w3.org/2001/XMLSchema-instance" xsi:noNamespaceSchemaLocation="http://openmobilealliance.org/tech/profiles/LWM2M.xsd">
    <Object ObjectType="MODefinition">
        <Name>Dimmer</Name>
        <Description1>This IPSO object should be used with a dimmer or level control to report the state of the control.
        </Description1>
        <ObjectID>3343</ObjectID>
        <ObjectURN>urn:oma:lwm2m:ext:3343</ObjectURN>
        <MultipleInstances>Multiple</MultipleInstances>
        <Mandatory>Optional</Mandatory>
        <Resources>
            <Item ID="5548">
                <Name>Level</Name>
                <Operations>RW</Operations>
                <MultipleInstances>Single</MultipleInstances>
                <Mandatory>Mandatory</Mandatory>
                <Type>Float</Type>
                <RangeEnumeration>0-100</RangeEnumeration>
                <Units>%</Units>
                <Description>Proportional control, integer value between 0 and 100 as a percentage.</Description>
            </Item>
            <Item ID="5852">
                <Name>On Time</Name>
                <Operations>RW</Operations>
                <MultipleInstances>Single</MultipleInstances>
                <Mandatory>Optional</Mandatory>
                <Type>Integer</Type>
                <RangeEnumeration></RangeEnumeration>
                <Units>s</Units>
                <Description>The time in seconds that the dimmer has been on (Dimmer value has to be > 0). Writing a value of 0 resets the counter.</Description>
            </Item>
            <Item ID="5853">
                <Name>Off Time</Name>
                <Operations>RW</Operations>
                <MultipleInstances>Single</MultipleInstances>
                <Mandatory>Optional</Mandatory>
                <Type>Integer</Type>
                <RangeEnumeration></RangeEnumeration>
                <Units>s</Units>
                <Description>The time in seconds that the dimmer has been off  (dimmer value less or equal to 0) Writing a value of 0 resets the counter. </Description>
            </Item>
            <Item ID="5750">
                <Name>Application Type</Name>
                <Operations>RW</Operations>
                <MultipleInstances>Single</MultipleInstances>
                <Mandatory>Optional</Mandatory>
                <Type>String</Type>
                <RangeEnumeration></RangeEnumeration>
                <Units></Units>
                <Description>The application type of the sensor or actuator as a string depending on the use case</Description>
            </Item>
         </Resources>
        <Description2></Description2>
    </Object>
</LWM2M>
