<?xml version="1.0" encoding="utf-8"?>

<!--
FILE INFORMATION

OMA Permanent Document
   File: OMA-SUP-XML_LWM2M_Cellular_connectivity-V1_0-20170314-A
   Type: xml

Public Reachable Information
   Path: http://www.openmobilealliance.org/tech/profiles
   Name: LWM2M_Cellular_connectivity-v1_0.xml

NORMATIVE INFORMATION

  Information about this file can be found in the latest revision of

    OMA-TS-LWM2M_ConnMgmt-V1_0

  This is available at http://www.openmobilealliance.org/

  Send comments to technical-comments@mail.openmobilealliance.org

CHANGE HISTORY

14032017 Status changed to Approved by TP, TP Ref # OMA-TP-2017-0019-INP_LWM2M_CONNMGMT-V1_0_RRP_for_Final_Approval
	
LEGAL DISCLAIMER

  Copyright 2017 Open Mobile Alliance All rights reserved.

  Redistribution and use in source and binary forms, with or without
  modification, are permitted provided that the following conditions
  are met:

  1. Redistributions of source code must retain the above copyright
  notice, this list of conditions and the following disclaimer.
  2. Redistributions in binary form must reproduce the above copyright
  notice, this list of conditions and the following disclaimer in the
  documentation and/or other materials provided with the distribution.
  3. Neither the name of the copyright holder nor the names of its
  contributors may be used to endorse or promote products derived
  from this software without specific prior written permission.

  THIS SOFTWARE IS PROVIDED BY THE COPYRIGHT HOLDERS AND CONTRIBUTORS
  "AS IS" AND ANY EXPRESS OR IMPLIED WARRANTIES, INCLUDING, BUT NOT
  LIMITED TO, THE IMPLIED WARRANTIES OF MERCHANTABILITY AND FITNESS
  FOR A PARTICULAR PURPOSE ARE DISCLAIMED. IN NO EVENT SHALL THE
  COPYRIGHT HOLDER OR CONTRIBUTORS BE LIABLE FOR ANY DIRECT, INDIRECT,
  INCIDENTAL, SPECIAL, EXEMPLARY, OR CONSEQUENTIAL DAMAGES (INCLUDING,
  BUT NOT LIMITED TO, PROCUREMENT OF SUBSTITUTE GOODS OR SERVICES;
  LOSS OF USE, DATA, OR PROFITS; OR BUSINESS INTERRUPTION) HOWEVER
  CAUSED AND ON ANY THEORY OF LIABILITY, WHETHER IN CONTRACT, STRICT
  LIABILITY, OR TORT (INCLUDING NEGLIGENCE OR OTHERWISE) ARISING IN
  ANY WAY OUT OF THE USE OF THIS SOFTWARE, EVEN IF ADVISED OF THE
  POSSIBILITY OF SUCH DAMAGE.

  The above license is used as a license under copyright only.  Please
  reference the OMA IPR Policy for patent licensing terms:
  http://www.openmobilealliance.org/ipr.html
-->

<LWM2M xmlns:xsi="http://www.w3.org/2001/XMLSchema-instance" xsi:noNamespaceSchemaLocation="http://openmobilealliance.org/tech/profiles/LWM2M.xsd">
	<Object ObjectType="MODefinition">
		<Name>Cellular connectivity</Name>
		<Description1><![CDATA[This object specifies resources to enable a device to connect to a 3GPP or 3GPP2 bearer, including GPRS/EDGE, UMTS, LTE, NB-IoT, SMS. For cellular connectivity, this object focuses on Packet Switched (PS) connectivity and doesn’t aim to provide comprehensive Circuit Switched (CS) connectivity management.
]]></Description1>
		<ObjectID>10</ObjectID>
		<ObjectURN>urn:oma:lwm2m:oma:10</ObjectURN>
		<MultipleInstances>Single</MultipleInstances>
		<Mandatory>Optional</Mandatory>
		<Resources>
			<Item ID="11"><Name>Activated Profile Names</Name>
				<Operations>R</Operations>
				<MultipleInstances>Multiple</MultipleInstances>
				<Mandatory>Mandatory</Mandatory>
				<Type>String</Type>
				<RangeEnumeration></RangeEnumeration>
				<Units></Units>
				<Description><![CDATA[Links to instances of the “APN connection profile” object representing every APN connection profile that has an activated connection to a PDN.]]></Description>
			</Item>
			<Item ID="0"><Name>SMSC address</Name>
				<Operations>RW</Operations>
				<MultipleInstances>Single</MultipleInstances>
				<Mandatory>Optional</Mandatory>
				<Type>String</Type>
				<RangeEnumeration></RangeEnumeration>
				<Units></Units>
				<Description><![CDATA[E.164 address of SMSC.   
Applicable for 3GPP2 networks where SMSC is not available from a smart card, or for 3GPP/3GPP2 networks to provide the application with a customer specific SMSC.  The application decides how to use this parameter, e.g. precedence over UICC based SMSC address.]]></Description>
			</Item>
			<Item ID="1"><Name>Disable radio period</Name>
				<Operations>RW</Operations>
				<MultipleInstances>Single</MultipleInstances>
				<Mandatory>Optional</Mandatory>
				<Type>Integer</Type>
				<RangeEnumeration>0-65535</RangeEnumeration>
				<Units>minutes</Units>
				<Description><![CDATA[Time period for which the device shall disconnect from cellular radio (PS detach, CS detach if applicable).
Can be used to handle network overload situations. 
The value is a positive integer (0 to 65535), duration can be from 1 minute to 65535 minutes (approximately 45 days).
As soon the server writes a value which is >0 the device SHALL disconnect. When the period has elapsed the device MAY reconnect.]]></Description>
			</Item>
			<Item ID="2"><Name>Module activation code</Name>
				<Operations>RW</Operations>
				<MultipleInstances>Single</MultipleInstances>
				<Mandatory>Optional</Mandatory>
				<Type>String</Type>
				<RangeEnumeration></RangeEnumeration>
				<Units></Units>
				<Description><![CDATA[Configurable in case the application needs to issue a code (e.g. via AT command) to activate the module. e.g. “*98”.]]></Description>
			</Item>
			<Item ID="3"><Name>Vendor specific extensions</Name>
				<Operations>R</Operations>
				<MultipleInstances>Single</MultipleInstances>
				<Mandatory>Optional</Mandatory>
				<Type>Objlnk</Type>
				<RangeEnumeration></RangeEnumeration>
				<Units></Units>
				<Description><![CDATA[Links to a vendor specific object.]]></Description>
			</Item>
			<Item ID="4"><Name>PSM Timer (1)</Name>
				<Operations>RW</Operations>
				<MultipleInstances>Single</MultipleInstances>
				<Mandatory>Optional</Mandatory>
				<Type>Integer</Type>
				<RangeEnumeration>10min-992 days</RangeEnumeration>
				<Units>s</Units>
				<Description><![CDATA[Power saving mode (PSM) timer as defined in [3GPP-TS_23.682].
PSM Timer = Extended T3412.
Max interval between periodic TAU if there is no other transmission from the device. During most of this time the device is considered as unreachable and can therefore go into a deep sleep mode while keeping the PDN connection(s) active.]]></Description>
			</Item>
			<Item ID="5"><Name>Active Timer (1)</Name>
				<Operations>RW</Operations>
				<MultipleInstances>Single</MultipleInstances>
				<Mandatory>Optional</Mandatory>
				<Type>Integer</Type>
				<RangeEnumeration>2sec-31 min</RangeEnumeration>
				<Units>s</Units>
				<Description><![CDATA[Active timer = T3324 as defined in [3GPP-TS_24.008].
The time the UE has to remain reachable after transitioning to idle state in case there is pending data from the NW to send out. At the end of T3324 UE can go into a deep sleep mode while keeping the PDN connection(s) active.]]></Description>
			</Item>
			<Item ID="6"><Name>Serving PLMN Rate control</Name>
				<Operations>R</Operations>
				<MultipleInstances>Single</MultipleInstances>
				<Mandatory>Optional</Mandatory>
				<Type>Integer</Type>
				<RangeEnumeration></RangeEnumeration>
				<Units></Units>
				<Description><![CDATA[Only for when using Signalling Radio Bearers (c.f. Data over NAS), it indicates the maximum the number of allowed uplink PDU transmissions per 6 minute interval aggregated across all PDN connections. See [3GPP-TS_23.401], octet 3 to 4 of the Serving PLMN rate control IE.]]></Description>
			</Item>
			<Item ID="7"><Name>eDRX parameters for Iu mode (1)</Name>
				<Operations>RW</Operations>
				<MultipleInstances>Single</MultipleInstances>
				<Mandatory>Optional</Mandatory>
				<Type>Opaque</Type>
				<RangeEnumeration>8 bits</RangeEnumeration>
				<Units></Units>
				<Description><![CDATA[Extended DRX parameters (Paging Time Window and eDRX value) for Iu mode which the UE can request from the network. This resource is encoded as octet 3 in [3GPP-TS_24.008, clause 10.5.5.32].]]></Description>
			</Item>
			<Item ID="8"><Name>eDRX parameters for WB-S1 mode (1)</Name>
				<Operations>RW</Operations>
				<MultipleInstances>Single</MultipleInstances>
				<Mandatory>Optional</Mandatory>
				<Type>Opaque</Type>
				<RangeEnumeration>8 bits</RangeEnumeration>
				<Units></Units>
				<Description><![CDATA[Extended DRX parameters (Paging Time Window and eDRX value) for WB-S1 mode which the UE can request from the network. This resource is encoded as octet 3 in [3GPP-TS_24.008, clause 10.5.5.32].]]></Description>
			</Item>
			<Item ID="9"><Name>eDRX parameters for NB-S1 mode (1)</Name>
				<Operations>RW</Operations>
				<MultipleInstances>Single</MultipleInstances>
				<Mandatory>Optional</Mandatory>
				<Type>Opaque</Type>
				<RangeEnumeration>8 bits</RangeEnumeration>
				<Units></Units>
				<Description><![CDATA[Extended DRX parameters (Paging Time Window and eDRX value) for NB-S1 mode which the UE can request from the network. This resource is encoded as octet 3 in [3GPP-TS_24.008, clause 10.5.5.32].]]></Description>
			</Item>
			<Item ID="10"><Name>eDRX parameters for A/Gb mode (1)</Name>
				<Operations>RW</Operations>
				<MultipleInstances>Single</MultipleInstances>
				<Mandatory>Optional</Mandatory>
				<Type>Opaque</Type>
				<RangeEnumeration>8 bits</RangeEnumeration>
				<Units></Units>
				<Description><![CDATA[Extended DRX parameters (Paging Time Window and eDRX value) for A/Gb mode which the UE can request from the network. This resource is encoded as octet 3 in [3GPP-TS_24.008, clause 10.5.5.32].]]></Description>
			</Item></Resources>
		<Description2><![CDATA[Notes:
(1)	This parameter is controlled by the 3GPP network. A LWM2M server may write a suggested value to this resource. As soon a LWM2M server changes the current value the device then suggests the new value to the network upon the next practical opportunity e.g. by inclusion of the requested value in an Attach or TAU request. In case the network confirms the suggested value then the device shall apply that value. In case the network provides a different value then the value provided by the network shall be applied by the device and the resource value shall be set to that value. 
The LWM2M server may use the observe function to be notified upon any changes of PSM or Active timer. By using the observe function the LWM2M server will get notified in case the value suggested by the LWM2M server is not accepted by the network, or, if the value is changed by the network for any reason (e.g. if the device moves into new tracking areas there is no guarantee that the above values remain the same and are not altered by the network).
]]></Description2>
	</Object>
</LWM2M>