<?xml version="1.0" encoding="utf-8"?><LWM2M xmlns:xsi="http://www.w3.org/2001/XMLSchema-instance" xsi:noNamespaceSchemaLocation="http://openmobilealliance.org/tech/profiles/LWM2M.xsd">
	<Object ObjectType="MODefinition">
		<Name>Lock and Wipe</Name>
		<Description1><![CDATA[This LWM2M objects provides the resources needed to perform the lock and wipe operations.]]></Description1>
		<ObjectID>8</ObjectID>
		<ObjectURN> urn:oma:lwm2m: oma:8</ObjectURN>
		<MultipleInstances>Single</MultipleInstances>
		<Mandatory>Optional</Mandatory>
		<Resources>
			<Item ID="0"><Name>State</Name>
				<Operations>RW</Operations>
				<MultipleInstances>Single</MultipleInstances>
				<Mandatory>Mandatory</Mandatory>
				<Type>Integer</Type>
				<RangeEnumeration>0-2</RangeEnumeration>
				<Units></Units>
				<Description><![CDATA[State of the device:
0: unlocked state Normal operation.
1: partially locked state
To render the device inoperable the device has been partially locked. The “lock target” resource allows specifying the target(s) for this operation.
2: fully locked state
To render the device fully inoperable the device has been fully locked.]]></Description>
			</Item>
			<Item ID="1"><Name>Lock target</Name>
				<Operations>W</Operations>
				<MultipleInstances>Multiple</MultipleInstances>
				<Mandatory>Mandatory</Mandatory>
				<Type>String</Type>
				<RangeEnumeration></RangeEnumeration>
				<Units></Units>
				<Description><![CDATA[To specify one or several targets for the lock operation. This allows partially locking the device by selecting specific components or interfaces to be locked.]]></Description>
			</Item>
			<Item ID="2"><Name>Wipe item</Name>
				<Operations>R</Operations>
				<MultipleInstances>Multiple</MultipleInstances>
				<Mandatory>Optional</Mandatory>
				<Type>String</Type>
				<RangeEnumeration></RangeEnumeration>
				<Units></Units>
				<Description><![CDATA[Indicates which data can be wiped from the device. This resource could be e.g. representing a directory.]]></Description>
			</Item>
			<Item ID="3"><Name>Wipe</Name>
				<Operations>E</Operations>
				<MultipleInstances>Single</MultipleInstances>
				<Mandatory>Mandatory</Mandatory>
				<Type></Type>
				<RangeEnumeration></RangeEnumeration>
				<Units></Units>
				<Description><![CDATA[To permanently erase data from the device.]]></Description>
			</Item>
			
			<Item ID="4"><Name>Wipe target</Name>
				<Operations>W</Operations>
				<MultipleInstances>Multiple</MultipleInstances>
				<Mandatory>Mandatory</Mandatory>
				<Type>String</Type>
				<RangeEnumeration></RangeEnumeration>
				<Units></Units>
				<Description><![CDATA[To specify one or several targets for the wipe operation. This allows selecting specific data, or, memory areas for the wipe operation.]]></Description>
			</Item><Item ID="5"><Name>Lock or Wipe Operation Result</Name>
				<Operations>R</Operations>
				<MultipleInstances>Single</MultipleInstances>
				<Mandatory>Mandatory</Mandatory>
				<Type>Integer</Type>
				<RangeEnumeration>0-8</RangeEnumeration>
				<Units></Units>
				<Description><![CDATA[Contains the result of a lock and wipe operation
0: Default
1: Partially Lock operation successful
2: Fully Lock operation successful
3: Unlock operation successful
4: Wipe operation successful
5: Partially Lock operation failed
6: Fully Lock operation failed
7: Unlock operation failed 8: Wipe operation failed
This Resource MAY be reported by sending Observe operation.]]></Description>
			</Item></Resources>
		<Description2 />
	</Object>
</LWM2M>