<?xml version="1.0" encoding="utf-8"?>
<LWM2M  xmlns:xsi="http://www.w3.org/2001/XMLSchema-instance" xsi:noNamespaceSchemaLocation="http://openmobilealliance.org/tech/profiles/LWM2M.xsd">
	<Object ObjectType="MODefinition">
		<Name>Parking Lot</Name>
		<Description1>Description: Empty.</Description1>
		<ObjectID>32700</ObjectID>
		<ObjectURN>urn:oma:lwm2m:ext:32700</ObjectURN>
		<MultipleInstances>Multiple</MultipleInstances>
		<Mandatory>Optional</Mandatory>
		<Resources>
			<Item ID="32800">
				<Name>SPOT_ID</Name>
				<Operations>R</Operations>
				<MultipleInstances>Single</MultipleInstances>
				<Mandatory>Mandatory</Mandatory>
				<Type>String</Type>
				<RangeEnumeration></RangeEnumeration>
				<Units>Defined by “Units” resource.</Units>
				<Description> </Description>
			</Item>
			<Item ID="32801">
				<Name>SPOT_STATE</Name>
				<Operations>RW</Operations>
				<MultipleInstances>Single</MultipleInstances>
				<Mandatory>Optional</Mandatory>
				<Type>String</Type>
				<RangeEnumeration></RangeEnumeration>
				<Units>Defined by “Units” resource.</Units>
				<Description>Free /Occupied / Reserved</Description>
			</Item>
			<Item ID="32802">
				<Name>VEHICLE_ID</Name>
				<Operations>RW</Operations>
				<MultipleInstances>Single</MultipleInstances>
				<Mandatory>Optional</Mandatory>
				<Type>String</Type>
				<RangeEnumeration></RangeEnumeration>
				<Units>Defined by “Units” resource.</Units>
				<Description>when not free - ID of vehicle</Description>
			</Item>
			<Item ID="32803">
				<Name>BILLING_RATE</Name>
				<Operations>RW</Operations>
				<MultipleInstances>Single</MultipleInstances>
				<Mandatory>Optional</Mandatory>
				<Type>Float</Type>
				<RangeEnumeration></RangeEnumeration>
				<Units>Defined by “Units” resource.</Units>
				<Description>Can be edited by Admin</Description>
			</Item>
		</Resources>
		<Description2></Description2>
	</Object>
</LWM2M>
