<?xml version="1.0" encoding="utf-8"?>
<LWM2M  xmlns:xsi="http://www.w3.org/2001/XMLSchema-instance" xsi:noNamespaceSchemaLocation="http://openmobilealliance.org/tech/profiles/LWM2M.xsd">
    <Object ObjectType="MODefinition">
        <Name>Gyrometer</Name>
        <Description1>This IPSO Object is used to report the current reading of a gyrometer sensor in 3 axes. It provides tracking of the minimum and maximum angular rate in all 3 axes. An example unit of measure is radians per second (ucum:rad/s).
        </Description1>
        <ObjectID>3334</ObjectID>
        <ObjectURN>urn:oma:lwm2m:ext:3334</ObjectURN>
        <MultipleInstances>Multiple</MultipleInstances>
        <Mandatory>Optional</Mandatory>
        <Resources>
            <Item ID="5702">
                <Name>X Value</Name>
                <Operations>R</Operations>
                <MultipleInstances>Single</MultipleInstances>
                <Mandatory>Mandatory</Mandatory>
                <Type>Float</Type>
                <RangeEnumeration></RangeEnumeration>
                <Units>Defined by “Units” resource.</Units>
                <Description>The measured value along the X axis.</Description>
            </Item>
            <Item ID="5703">
                <Name>Y Value</Name>
                <Operations>R</Operations>
                <MultipleInstances>Single</MultipleInstances>
                <Mandatory>Optional</Mandatory>
                <Type>Float</Type>
                <RangeEnumeration></RangeEnumeration>
                <Units>Defined by “Units” resource.</Units>
                <Description>The measured value along the Y axis.</Description>
            </Item>
            <Item ID="5704">
                <Name>Z Value</Name>
                <Operations>R</Operations>
                <MultipleInstances>Single</MultipleInstances>
                <Mandatory>Optional</Mandatory>
                <Type>Float</Type>
                <RangeEnumeration></RangeEnumeration>
                <Units>Defined by “Units” resource.</Units>
                <Description>The measured value along the Z axis.</Description>
            </Item>
            <Item ID="5701">
                <Name>Sensor Units</Name>
                <Operations>R</Operations>
                <MultipleInstances>Single</MultipleInstances>
                <Mandatory>Optional</Mandatory>
                <Type>String</Type>
                <RangeEnumeration></RangeEnumeration>
                <Units></Units>
                <Description>Measurement Units Definition e.g. “Cel” for Temperature in Celsius.</Description>
            </Item>
            <Item ID="5508">
                <Name>Min X Value</Name>
                <Operations>R</Operations>
                <MultipleInstances>Single</MultipleInstances>
                <Mandatory>Optional</Mandatory>
                <Type>Float</Type>
                <RangeEnumeration></RangeEnumeration>
                <Units>Defined by “Units” resource.</Units>
                <Description>The minimum measured value along the X axis</Description>
            </Item>
            <Item ID="5509">
                <Name>Max X Value</Name>
                <Operations>R</Operations>
                <MultipleInstances>Single</MultipleInstances>
                <Mandatory>Optional</Mandatory>
                <Type>Float</Type>
                <RangeEnumeration></RangeEnumeration>
                <Units>Defined by “Units” resource.</Units>
                <Description>The maximum measured value along the X axis</Description>
            </Item>
            <Item ID="5510">
                <Name>Min Y Value</Name>
                <Operations>R</Operations>
                <MultipleInstances>Single</MultipleInstances>
                <Mandatory>Optional</Mandatory>
                <Type>Float</Type>
                <RangeEnumeration></RangeEnumeration>
                <Units>Defined by “Units” resource.</Units>
                <Description>The minimum measured value along the Y axis</Description>
            </Item>
            <Item ID="5511">
                <Name>Max Y Value</Name>
                <Operations>R</Operations>
                <MultipleInstances>Single</MultipleInstances>
                <Mandatory>Optional</Mandatory>
                <Type>Float</Type>
                <RangeEnumeration></RangeEnumeration>
                <Units>Defined by “Units” resource.</Units>
                <Description>The maximum measured value along the Y axis</Description>
            </Item>
            <Item ID="5512">
                <Name>Min Z Value</Name>
                <Operations>R</Operations>
                <MultipleInstances>Single</MultipleInstances>
                <Mandatory>Optional</Mandatory>
                <Type>Float</Type>
                <RangeEnumeration></RangeEnumeration>
                <Units>Defined by “Units” resource.</Units>
                <Description>The minimum measured value along the Z axis</Description>
            </Item>
            <Item ID="5513">
                <Name>Max Z Value</Name>
                <Operations>R</Operations>
                <MultipleInstances>Single</MultipleInstances>
                <Mandatory>Optional</Mandatory>
                <Type>Float</Type>
                <RangeEnumeration></RangeEnumeration>
                <Units>Defined by “Units” resource.</Units>
                <Description>The maximum measured value along the Z axis</Description>
            </Item>
            <Item ID="5605">
                <Name>Reset Min and Max Measured Values</Name>
                <Operations>E</Operations>
                <MultipleInstances>Single</MultipleInstances>
                <Mandatory>Optional</Mandatory>
                <Type></Type>
                <RangeEnumeration></RangeEnumeration>
                <Units></Units>
                <Description>Reset the Min and Max Measured Values to Current Value.</Description>
            </Item>
            <Item ID="5603">
                <Name>Min Range Value</Name>
                <Operations>R</Operations>
                <MultipleInstances>Single</MultipleInstances>
                <Mandatory>Optional</Mandatory>
                <Type>Float</Type>
                <RangeEnumeration></RangeEnumeration>
                <Units>Defined by “Units” resource.</Units>
                <Description>The minimum value that can be measured by the sensor</Description>
            </Item>
            <Item ID="5604">
                <Name>Max Range Value</Name>
                <Operations>R</Operations>
                <MultipleInstances>Single</MultipleInstances>
                <Mandatory>Optional</Mandatory>
                <Type>Float</Type>
                <RangeEnumeration></RangeEnumeration>
                <Units>Defined by “Units” resource.</Units>
                <Description>The maximum value that can be measured by the sensor</Description>
            </Item>
            <Item ID="5750">
                <Name>Application Type</Name>
                <Operations>RW</Operations>
                <MultipleInstances>Single</MultipleInstances>
                <Mandatory>Optional</Mandatory>
                <Type>String</Type>
                <RangeEnumeration></RangeEnumeration>
                <Units></Units>
                <Description>The application type of the sensor or actuator as a string depending on the use case.</Description>
            </Item>
        </Resources>
        <Description2></Description2>
    </Object>
</LWM2M>
