<?xml version="1.0" encoding="utf-8"?><LWM2M xmlns:xsi="http://www.w3.org/2001/XMLSchema-instance" xsi:noNamespaceSchemaLocation="http://openmobilealliance.org/tech/profiles/LWM2M.xsd">
	<Object ObjectType="MODefinition">
		<Name>Bitmap</Name>
		<Description1>Summarize several digital inputs to one value by mapping each bit to a digital input.</Description1>
		<ObjectID>3349</ObjectID>
		<ObjectURN>urn:oma:lwm2m:ext:3349</ObjectURN>
		<LWM2MVersion />
		<ObjectVersion />
		<MultipleInstances>Multiple</MultipleInstances>
		<Mandatory>Optional</Mandatory>
		<Resources>
			<Item ID="5910"><Name>Bitmap Input</Name>
				<Operations>R</Operations>
				<MultipleInstances>Single</MultipleInstances>
				<Mandatory>Mandatory</Mandatory>
				<Type>Integer</Type>
				<RangeEnumeration></RangeEnumeration>
				<Units></Units>
				<Description>Integer in which each of the bits are associated with specific digital input value. Represented as a binary signed integer in network byte order, and in two's complement representation. Using values in range 0-127 is recommended to avoid ambiguities with byte order and negative values.</Description>
			</Item>
			<Item ID="5911"><Name>Bitmap Input Reset</Name>
				<Operations>E</Operations>
				<MultipleInstances>Single</MultipleInstances>
				<Mandatory>Optional</Mandatory>
				<Type></Type>
				<RangeEnumeration></RangeEnumeration>
				<Units></Units>
				<Description>Reset the Bitmap Input value.</Description>
			</Item>
			<Item ID="5912"><Name>Element Description</Name>
				<Operations>RW</Operations>
				<MultipleInstances>Multiple</MultipleInstances>
				<Mandatory>Optional</Mandatory>
				<Type>String</Type>
				<RangeEnumeration></RangeEnumeration>
				<Units></Units>
				<Description>The description of each bit as a string. First instance describes the least significant bit, second instance the second least significant bit.</Description>
			</Item>
			<Item ID="5750"><Name>Application Type</Name>
				<Operations>RW</Operations>
				<MultipleInstances>Single</MultipleInstances>
				<Mandatory>Optional</Mandatory>
				<Type>String</Type>
				<RangeEnumeration></RangeEnumeration>
				<Units></Units>
				<Description>The application type of the sensor or actuator as a string depending on the use case.</Description>
			</Item></Resources>
		<Description2 />
	</Object>
</LWM2M>
