<?xml version="1.0" encoding="utf-8"?><LWM2M xmlns:xsi="http://www.w3.org/2001/XMLSchema-instance" xsi:noNamespaceSchemaLocation="http://openmobilealliance.org/tech/profiles/LWM2M.xsd">
	<Object ObjectType="MODefinition">
		<Name>Stopwatch</Name>
		<Description1>An ascending timer that counts how long time has passed since the timer was started after reset.</Description1>
		<ObjectID>3350</ObjectID>
		<ObjectURN>urn:oma:lwm2m:ext:3350</ObjectURN>
		<LWM2MVersion />
		<ObjectVersion />
		<MultipleInstances>Multiple</MultipleInstances>
		<Mandatory>Optional</Mandatory>
		<Resources>
			<Item ID="5544"><Name>Cumulative Time</Name>
				<Operations>RW</Operations>
				<MultipleInstances>Single</MultipleInstances>
				<Mandatory>Mandatory</Mandatory>
				<Type>Float</Type>
				<RangeEnumeration></RangeEnumeration>
				<Units>s</Units>
				<Description>The total time in seconds that the stopwatch has been on. Writing a 0 resets the time.</Description>
			</Item>
			<Item ID="5850"><Name>On/Off</Name>
				<Operations>RW</Operations>
				<MultipleInstances>Single</MultipleInstances>
				<Mandatory>Optional</Mandatory>
				<Type>Boolean</Type>
				<RangeEnumeration></RangeEnumeration>
				<Units></Units>
				<Description>On/Off control for the stopwatch, True=ON, False=OFF.</Description>
			</Item>
			<Item ID="5501"><Name>Digital Input Counter</Name>
				<Operations>R</Operations>
				<MultipleInstances>Single</MultipleInstances>
				<Mandatory>Optional</Mandatory>
				<Type>Integer</Type>
				<RangeEnumeration></RangeEnumeration>
				<Units></Units>
				<Description>The number of times the input transitions from off to on.</Description>
			</Item>
			<Item ID="5750"><Name>Application Type</Name>
				<Operations>RW</Operations>
				<MultipleInstances>Single</MultipleInstances>
				<Mandatory>Optional</Mandatory>
				<Type>String</Type>
				<RangeEnumeration></RangeEnumeration>
				<Units></Units>
				<Description>The application type of the sensor or actuator as a string depending on the use case.</Description>
			</Item></Resources>
		<Description2 />
	</Object>
</LWM2M>